"name";"project";"posicion"
"Abril Jaimes Camilo Andres";"Reforma a la Justicia Ejecutivo";"agree"
"Abril Jaimes Camilo Andres";"Justicia Penal Militar, Fuero Militar";""
"Abril Jaimes Camilo Andres";"Ley estatutaria de reforma a la salud";"agree"
"Acuña Díaz Laureano Augusto";"Reforma a la Justicia Ejecutivo";""
"Acuña Díaz Laureano Augusto";"Justicia Penal Militar, Fuero Militar";"agree"
"Acuña Díaz Laureano Augusto";"Ley estatutaria de reforma a la salud";""
"Agudelo Zapata Iván Darío";"Reforma a la Justicia Ejecutivo";"agree"
"Agudelo Zapata Iván Darío";"Justicia Penal Militar, Fuero Militar";"agree"
"Agudelo Zapata Iván Darío";"Ley estatutaria de reforma a la salud";"agree"
"Álvarez Montenegro Javier Tato";"Reforma a la Justicia Ejecutivo";"disagree"
"Álvarez Montenegro Javier Tato";"Justicia Penal Militar, Fuero Militar";"disagree"
"Álvarez Montenegro Javier Tato";"Ley estatutaria de reforma a la salud";"disagree"
"Amín Escaf Miguel ";"Reforma a la Justicia Ejecutivo";"agree"
"Amín Escaf Miguel ";"Justicia Penal Militar, Fuero Militar";"agree"
"Amín Escaf Miguel ";"Ley estatutaria de reforma a la salud";"agree"
"Amín Saleme Fabio Raúl ";"Reforma a la Justicia Ejecutivo";"agree"
"Amín Saleme Fabio Raúl ";"Justicia Penal Militar, Fuero Militar";""
"Amín Saleme Fabio Raúl ";"Ley estatutaria de reforma a la salud";"agree"
"Arango Torres Jair";"Reforma a la Justicia Ejecutivo";"agree"
"Arango Torres Jair";"Justicia Penal Militar, Fuero Militar";""
"Arango Torres Jair";"Ley estatutaria de reforma a la salud";""
"Arcila Moncada Henry Humberto";"Reforma a la Justicia Ejecutivo";"agree"
"Arcila Moncada Henry Humberto";"Justicia Penal Militar, Fuero Militar";"agree"
"Arcila Moncada Henry Humberto";"Ley estatutaria de reforma a la salud";"agree"
"Arrechea Banguera Heriberto";"Reforma a la Justicia Ejecutivo";""
"Arrechea Banguera Heriberto";"Justicia Penal Militar, Fuero Militar";""
"Arrechea Banguera Heriberto";"Ley estatutaria de reforma a la salud";""
"Barguil Assis David Alejandro";"Reforma a la Justicia Ejecutivo";""
"Barguil Assis David Alejandro";"Justicia Penal Militar, Fuero Militar";""
"Barguil Assis David Alejandro";"Ley estatutaria de reforma a la salud";"agree"
"Benavides Solarte Diela Liliana";"Reforma a la Justicia Ejecutivo";"agree"
"Benavides Solarte Diela Liliana";"Justicia Penal Militar, Fuero Militar";"agree"
"Benavides Solarte Diela Liliana";"Ley estatutaria de reforma a la salud";""
"Betancourt Pérez Bayardo Gilberto ";"Reforma a la Justicia Ejecutivo";"agree"
"Betancourt Pérez Bayardo Gilberto ";"Justicia Penal Militar, Fuero Militar";"agree"
"Betancourt Pérez Bayardo Gilberto ";"Ley estatutaria de reforma a la salud";""
"Blanco Álvarez Germán Alcides";"Reforma a la Justicia Ejecutivo";"agree"
"Blanco Álvarez Germán Alcides";"Justicia Penal Militar, Fuero Militar";""
"Blanco Álvarez Germán Alcides";"Ley estatutaria de reforma a la salud";""
"Burgos Ramírez Didier";"Reforma a la Justicia Ejecutivo";"agree"
"Burgos Ramírez Didier";"Justicia Penal Militar, Fuero Militar";""
"Burgos Ramírez Didier";"Ley estatutaria de reforma a la salud";""
"Cabrera Baez Ángel Custodio ";"Reforma a la Justicia Ejecutivo";""
"Cabrera Baez Ángel Custodio ";"Justicia Penal Militar, Fuero Militar";"agree"
"Cabrera Baez Ángel Custodio ";"Ley estatutaria de reforma a la salud";"agree"
"Caicedo Sastoque José Edilberto";"Reforma a la Justicia Ejecutivo";"agree"
"Caicedo Sastoque José Edilberto";"Justicia Penal Militar, Fuero Militar";""
"Caicedo Sastoque José Edilberto";"Ley estatutaria de reforma a la salud";"agree"
"Cardenas Cardoso Hernando";"Reforma a la Justicia Ejecutivo";""
"Cardenas Cardoso Hernando";"Justicia Penal Militar, Fuero Militar";""
"Cardenas Cardoso Hernando";"Ley estatutaria de reforma a la salud";"agree"
"Carlosama López Germán Bernardo";"Estatuto de la Ciudadanía Juvenil";"agree"
"Carlosama López Germán Bernardo";"Implementación del TLC con Estados Unidos, Ley Lleras 2.0";""
"Carlosama López Germán Bernardo";"Justicia Penal Militar, Fuero Militar";"disagree"
"Carlosama López Germán Bernardo";"Reforma a la Justicia Ejecutivo";"agree"
"Carlosama López Germán Bernardo";"Ley estatutaria de reforma a la salud";"agree"
"Casado de López Arleth Patricia";"Estatuto de la Ciudadanía Juvenil";"agree"
"Casado de López Arleth Patricia";"Implementación del TLC con Estados Unidos, Ley Lleras 2.0";"agree"
"Casado de López Arleth Patricia";"Justicia Penal Militar, Fuero Militar";"agree"
"Casado de López Arleth Patricia";"Reforma a la Justicia Ejecutivo";"agree"
"Casado de López Arleth Patricia";"Ley estatutaria de reforma a la salud";"agree"
"Celis Carrillo Bernabé";"Estatuto de la Ciudadanía Juvenil";""
"Celis Carrillo Bernabé";"Implementación del TLC con Estados Unidos, Ley Lleras 2.0";""
"Celis Carrillo Bernabé";"Justicia Penal Militar, Fuero Militar";"agree"
"Celis Carrillo Bernabé";"Reforma a la Justicia Ejecutivo";"agree"
"Celis Carrillo Bernabé";"Ley estatutaria de reforma a la salud";"agree"
"Cepeda Castro Iván";"Reforma a la Justicia Ejecutivo";"disagree"
"Cepeda Castro Iván";"Justicia Penal Militar, Fuero Militar";""
"Cepeda Castro Iván";"Ley estatutaria de reforma a la salud";"disagree"
"Cepeda Sarabia Efraín José";"Estatuto de la Ciudadanía Juvenil";""
"Cepeda Sarabia Efraín José";"Implementación del TLC con Estados Unidos, Ley Lleras 2.0";"agree"
"Cepeda Sarabia Efraín José";"Justicia Penal Militar, Fuero Militar";"agree"
"Cepeda Sarabia Efraín José";"Reforma a la Justicia Ejecutivo";""
"Cepeda Sarabia Efraín José";"Ley estatutaria de reforma a la salud";""
"Chacón Camargo Alejandro Carlos";"Reforma a la Justicia Ejecutivo";"agree"
"Chacón Camargo Alejandro Carlos";"Justicia Penal Militar, Fuero Militar";""
"Chacón Camargo Alejandro Carlos";"Ley estatutaria de reforma a la salud";""
"Clavijo Clavijo Orlando Alfonso";"Reforma a la Justicia Ejecutivo";"agree"
"Clavijo Clavijo Orlando Alfonso";"Justicia Penal Militar, Fuero Militar";"agree"
"Clavijo Clavijo Orlando Alfonso";"Ley estatutaria de reforma a la salud";"agree"
"Correa Jiménez Antonio José";"Estatuto de la Ciudadanía Juvenil";""
"Correa Jiménez Antonio José";"Implementación del TLC con Estados Unidos, Ley Lleras 2.0";"agree"
"Correa Jiménez Antonio José";"Justicia Penal Militar, Fuero Militar";"agree"
"Correa Jiménez Antonio José";"Reforma a la Justicia Ejecutivo";"agree"
"Correa Jiménez Antonio José";"Ley estatutaria de reforma a la salud";"agree"
"Corzo Román Juan Manuel";"Estatuto de la Ciudadanía Juvenil";""
"Corzo Román Juan Manuel";"Implementación del TLC con Estados Unidos, Ley Lleras 2.0";"agree"
"Corzo Román Juan Manuel";"Justicia Penal Militar, Fuero Militar";""
"Corzo Román Juan Manuel";"Reforma a la Justicia Ejecutivo";"agree"
"Corzo Román Juan Manuel";"Ley estatutaria de reforma a la salud";"agree"
"Crissien Borrero Eduardo Alfonso";"Reforma a la Justicia Ejecutivo";""
"Crissien Borrero Eduardo Alfonso";"Justicia Penal Militar, Fuero Militar";""
"Crissien Borrero Eduardo Alfonso";"Ley estatutaria de reforma a la salud";"agree"
"Cuenca Chaux Carlos Alberto";"Reforma a la Justicia Ejecutivo";"agree"
"Cuenca Chaux Carlos Alberto";"Justicia Penal Militar, Fuero Militar";"agree"
"Cuenca Chaux Carlos Alberto";"Ley estatutaria de reforma a la salud";""
"Delgado Ruiz Edinson";"Estatuto de la Ciudadanía Juvenil";"agree"
"Delgado Ruiz Edinson";"Implementación del TLC con Estados Unidos, Ley Lleras 2.0";"agree"
"Delgado Ruiz Edinson";"Justicia Penal Militar, Fuero Militar";"agree"
"Delgado Ruiz Edinson";"Reforma a la Justicia Ejecutivo";"agree"
"Delgado Ruiz Edinson";"Ley estatutaria de reforma a la salud";"agree"
"Deluque Zuleta Alfredo Rafael";"Reforma a la Justicia Ejecutivo";""
"Deluque Zuleta Alfredo Rafael";"Justicia Penal Militar, Fuero Militar";""
"Deluque Zuleta Alfredo Rafael";"Ley estatutaria de reforma a la salud";"agree"
"Díaz Granados Torres Luis Eduardo";"Reforma a la Justicia Ejecutivo";""
"Díaz Granados Torres Luis Eduardo";"Justicia Penal Militar, Fuero Militar";"agree"
"Díaz Granados Torres Luis Eduardo";"Ley estatutaria de reforma a la salud";""
"Duque García Luis Fernando";"Estatuto de la Ciudadanía Juvenil";"agree"
"Duque García Luis Fernando";"Implementación del TLC con Estados Unidos, Ley Lleras 2.0";"agree"
"Duque García Luis Fernando";"Justicia Penal Militar, Fuero Militar";""
"Duque García Luis Fernando";"Reforma a la Justicia Ejecutivo";"agree"
"Duque García Luis Fernando";"Ley estatutaria de reforma a la salud";""
"Durán Barrera Jaime Enrique";"Estatuto de la Ciudadanía Juvenil";"agree"
"Durán Barrera Jaime Enrique";"Implementación del TLC con Estados Unidos, Ley Lleras 2.0";""
"Durán Barrera Jaime Enrique";"Justicia Penal Militar, Fuero Militar";"agree"
"Durán Barrera Jaime Enrique";"Reforma a la Justicia Ejecutivo";"agree"
"Durán Barrera Jaime Enrique";"Ley estatutaria de reforma a la salud";"agree"
"Enríquez Maya Carlos Eduardo";"Estatuto de la Ciudadanía Juvenil";"agree"
"Enríquez Maya Carlos Eduardo";"Implementación del TLC con Estados Unidos, Ley Lleras 2.0";"agree"
"Enríquez Maya Carlos Eduardo";"Justicia Penal Militar, Fuero Militar";"agree"
"Enríquez Maya Carlos Eduardo";"Reforma a la Justicia Ejecutivo";"agree"
"Enríquez Maya Carlos Eduardo";"Ley estatutaria de reforma a la salud";""
"Espindola Niño Edgar";"Estatuto de la Ciudadanía Juvenil";""
"Espindola Niño Edgar";"Implementación del TLC con Estados Unidos, Ley Lleras 2.0";"agree"
"Espindola Niño Edgar";"Justicia Penal Militar, Fuero Militar";""
"Espindola Niño Edgar";"Reforma a la Justicia Ejecutivo";""
"Espindola Niño Edgar";"Ley estatutaria de reforma a la salud";"agree"
"Ferro Solanilla Carlos Roberto";"Estatuto de la Ciudadanía Juvenil";"agree"
"Ferro Solanilla Carlos Roberto";"Implementación del TLC con Estados Unidos, Ley Lleras 2.0";"agree"
"Ferro Solanilla Carlos Roberto";"Justicia Penal Militar, Fuero Militar";"agree"
"Ferro Solanilla Carlos Roberto";"Reforma a la Justicia Ejecutivo";"disagree"
"Ferro Solanilla Carlos Roberto";"Ley estatutaria de reforma a la salud";"agree"
"Flórez Asprilla José Bernardo";"Reforma a la Justicia Ejecutivo";"agree"
"Flórez Asprilla José Bernardo";"Justicia Penal Militar, Fuero Militar";"agree"
"Flórez Asprilla José Bernardo";"Ley estatutaria de reforma a la salud";"agree"
"Franco Castaño Adriana";"Reforma a la Justicia Ejecutivo";"agree"
"Franco Castaño Adriana";"Justicia Penal Militar, Fuero Militar";"agree"
"Franco Castaño Adriana";"Ley estatutaria de reforma a la salud";"agree"
"Gallardo Archbold Julio Eugenio";"Reforma a la Justicia Ejecutivo";"agree"
"Gallardo Archbold Julio Eugenio";"Justicia Penal Militar, Fuero Militar";"agree"
"Gallardo Archbold Julio Eugenio";"Ley estatutaria de reforma a la salud";"agree"
"Galvis Méndez Daira de Jesús";"Estatuto de la Ciudadanía Juvenil";""
"Galvis Méndez Daira de Jesús";"Implementación del TLC con Estados Unidos, Ley Lleras 2.0";""
"Galvis Méndez Daira de Jesús";"Justicia Penal Militar, Fuero Militar";""
"Galvis Méndez Daira de Jesús";"Reforma a la Justicia Ejecutivo";"agree"
"Galvis Méndez Daira de Jesús";"Ley estatutaria de reforma a la salud";""
"García Burgos Nora María";"Estatuto de la Ciudadanía Juvenil";""
"García Burgos Nora María";"Implementación del TLC con Estados Unidos, Ley Lleras 2.0";"agree"
"García Burgos Nora María";"Justicia Penal Militar, Fuero Militar";"agree"
"García Burgos Nora María";"Reforma a la Justicia Ejecutivo";"agree"
"García Burgos Nora María";"Ley estatutaria de reforma a la salud";""
"García Gómez Juan Carlos";"Reforma a la Justicia Ejecutivo";"agree"
"García Gómez Juan Carlos";"Justicia Penal Militar, Fuero Militar";"agree"
"García Gómez Juan Carlos";"Ley estatutaria de reforma a la salud";"agree"
"García Realpe Guillermo";"Estatuto de la Ciudadanía Juvenil";""
"García Realpe Guillermo";"Implementación del TLC con Estados Unidos, Ley Lleras 2.0";"agree"
"García Realpe Guillermo";"Justicia Penal Militar, Fuero Militar";"agree"
"García Realpe Guillermo";"Reforma a la Justicia Ejecutivo";"agree"
"García Realpe Guillermo";"Ley estatutaria de reforma a la salud";"agree"
"García Turbay Lidio Arturo ";"Estatuto de la Ciudadanía Juvenil";"agree"
"García Turbay Lidio Arturo ";"Implementación del TLC con Estados Unidos, Ley Lleras 2.0";""
"García Turbay Lidio Arturo ";"Justicia Penal Militar, Fuero Militar";"agree"
"García Turbay Lidio Arturo ";"Reforma a la Justicia Ejecutivo";"agree"
"García Turbay Lidio Arturo ";"Ley estatutaria de reforma a la salud";"agree"
"Géchem Turbay Jorge Eduardo";"Estatuto de la Ciudadanía Juvenil";"agree"
"Géchem Turbay Jorge Eduardo";"Implementación del TLC con Estados Unidos, Ley Lleras 2.0";""
"Géchem Turbay Jorge Eduardo";"Justicia Penal Militar, Fuero Militar";"agree"
"Géchem Turbay Jorge Eduardo";"Reforma a la Justicia Ejecutivo";"agree"
"Géchem Turbay Jorge Eduardo";"Ley estatutaria de reforma a la salud";""
"Gerlein Echeverría Roberto Víctor";"Estatuto de la Ciudadanía Juvenil";"agree"
"Gerlein Echeverría Roberto Víctor";"Implementación del TLC con Estados Unidos, Ley Lleras 2.0";""
"Gerlein Echeverría Roberto Víctor";"Justicia Penal Militar, Fuero Militar";"agree"
"Gerlein Echeverría Roberto Víctor";"Reforma a la Justicia Ejecutivo";"agree"
"Gerlein Echeverría Roberto Víctor";"Ley estatutaria de reforma a la salud";"agree"
"Giraldo Arboleda Atilano Alonso";"Reforma a la Justicia Ejecutivo";"agree"
"Giraldo Arboleda Atilano Alonso";"Justicia Penal Militar, Fuero Militar";"agree"
"Giraldo Arboleda Atilano Alonso";"Ley estatutaria de reforma a la salud";"agree"
"Gnecco Zuleta José Alfredo";"Reforma a la Justicia Ejecutivo";"agree"
"Gnecco Zuleta José Alfredo";"Justicia Penal Militar, Fuero Militar";"agree"
"Gnecco Zuleta José Alfredo";"Ley estatutaria de reforma a la salud";"agree"
"Gómez Jiménez Juan Diego";"Reforma a la Justicia Ejecutivo";"agree"
"Gómez Jiménez Juan Diego";"Justicia Penal Militar, Fuero Militar";""
"Gómez Jiménez Juan Diego";"Ley estatutaria de reforma a la salud";""
"Gomez Martinez Miguel";"Reforma a la Justicia Ejecutivo";"disagree"
"Gomez Martinez Miguel";"Justicia Penal Militar, Fuero Militar";""
"Gomez Martinez Miguel";"Ley estatutaria de reforma a la salud";""
"Gómez Román Edgar Alfonso ";"Estatuto de la Ciudadanía Juvenil";"agree"
"Gómez Román Edgar Alfonso ";"Implementación del TLC con Estados Unidos, Ley Lleras 2.0";"agree"
"Gómez Román Edgar Alfonso ";"Justicia Penal Militar, Fuero Militar";"agree"
"Gómez Román Edgar Alfonso ";"Reforma a la Justicia Ejecutivo";"agree"
"Gómez Román Edgar Alfonso ";"Ley estatutaria de reforma a la salud";"agree"
"Gomez Velasquez Wilson Hernando";"Reforma a la Justicia Ejecutivo";"agree"
"Gomez Velasquez Wilson Hernando";"Justicia Penal Militar, Fuero Militar";"agree"
"Gomez Velasquez Wilson Hernando";"Ley estatutaria de reforma a la salud";"agree"
"Guerra de la Espriella Antonio del Cristo";"Estatuto de la Ciudadanía Juvenil";"agree"
"Guerra de la Espriella Antonio del Cristo";"Implementación del TLC con Estados Unidos, Ley Lleras 2.0";"agree"
"Guerra de la Espriella Antonio del Cristo";"Justicia Penal Militar, Fuero Militar";"agree"
"Guerra de la Espriella Antonio del Cristo";"Reforma a la Justicia Ejecutivo";"agree"
"Guerra de la Espriella Antonio del Cristo";"Ley estatutaria de reforma a la salud";"agree"
"Guerrero Montaño Nicolás Daniel";"Ley estatutaria de reforma a la salud";"agree"
"Guevara Jorge Eliecer";"Estatuto de la Ciudadanía Juvenil";"agree"
"Guevara Jorge Eliecer";"Implementación del TLC con Estados Unidos, Ley Lleras 2.0";""
"Guevara Jorge Eliecer";"Justicia Penal Militar, Fuero Militar";"disagree"
"Guevara Jorge Eliecer";"Reforma a la Justicia Ejecutivo";"disagree"
"Guevara Jorge Eliecer";"Ley estatutaria de reforma a la salud";""
"Hoyos Giraldo Germán Darío";"Estatuto de la Ciudadanía Juvenil";"agree"
"Hoyos Giraldo Germán Darío";"Implementación del TLC con Estados Unidos, Ley Lleras 2.0";"agree"
"Hoyos Giraldo Germán Darío";"Justicia Penal Militar, Fuero Militar";"agree"
"Hoyos Giraldo Germán Darío";"Reforma a la Justicia Ejecutivo";""
"Hoyos Giraldo Germán Darío";"Ley estatutaria de reforma a la salud";"agree"
"Jiménez López Carlos Abraham";"Reforma a la Justicia Ejecutivo";"agree"
"Jiménez López Carlos Abraham";"Justicia Penal Militar, Fuero Militar";"agree"
"Jiménez López Carlos Abraham";"Ley estatutaria de reforma a la salud";"agree"
"León León Buenaventura";"Reforma a la Justicia Ejecutivo";"agree"
"León León Buenaventura";"Justicia Penal Militar, Fuero Militar";"agree"
"León León Buenaventura";"Ley estatutaria de reforma a la salud";"agree"
"López Maya Alexánder";"Estatuto de la Ciudadanía Juvenil";""
"López Maya Alexánder";"Implementación del TLC con Estados Unidos, Ley Lleras 2.0";""
"López Maya Alexánder";"Justicia Penal Militar, Fuero Militar";"disagree"
"López Maya Alexánder";"Reforma a la Justicia Ejecutivo";"disagree"
"López Maya Alexánder";"Ley estatutaria de reforma a la salud";""
"Martínez Aristizábal Maritza";"Estatuto de la Ciudadanía Juvenil";""
"Martínez Aristizábal Maritza";"Implementación del TLC con Estados Unidos, Ley Lleras 2.0";"disagree"
"Martínez Aristizábal Maritza";"Justicia Penal Militar, Fuero Militar";"agree"
"Martínez Aristizábal Maritza";"Reforma a la Justicia Ejecutivo";""
"Martínez Aristizábal Maritza";"Ley estatutaria de reforma a la salud";""
"Martínez Rosales  Rosmery";"Reforma a la Justicia Ejecutivo";"agree"
"Martínez Rosales  Rosmery";"Justicia Penal Militar, Fuero Militar";"agree"
"Martínez Rosales  Rosmery";"Ley estatutaria de reforma a la salud";"disagree"
"Merheg Marún Juan Samy";"Estatuto de la Ciudadanía Juvenil";"agree"
"Merheg Marún Juan Samy";"Implementación del TLC con Estados Unidos, Ley Lleras 2.0";"agree"
"Merheg Marún Juan Samy";"Justicia Penal Militar, Fuero Militar";"agree"
"Merheg Marún Juan Samy";"Reforma a la Justicia Ejecutivo";""
"Merheg Marún Juan Samy";"Ley estatutaria de reforma a la salud";"agree"
"Mesa Betancur José Ignacio";"Reforma a la Justicia Ejecutivo";"disagree"
"Mesa Betancur José Ignacio";"Justicia Penal Militar, Fuero Militar";"agree"
"Mesa Betancur José Ignacio";"Ley estatutaria de reforma a la salud";"agree"
"Motoa Solarte Carlos Fernando";"Estatuto de la Ciudadanía Juvenil";""
"Motoa Solarte Carlos Fernando";"Implementación del TLC con Estados Unidos, Ley Lleras 2.0";"agree"
"Motoa Solarte Carlos Fernando";"Justicia Penal Militar, Fuero Militar";""
"Motoa Solarte Carlos Fernando";"Reforma a la Justicia Ejecutivo";"agree"
"Motoa Solarte Carlos Fernando";"Ley estatutaria de reforma a la salud";"agree"
"Name Cardozo José David";"Estatuto de la Ciudadanía Juvenil";"agree"
"Name Cardozo José David";"Implementación del TLC con Estados Unidos, Ley Lleras 2.0";""
"Name Cardozo José David";"Justicia Penal Militar, Fuero Militar";""
"Name Cardozo José David";"Reforma a la Justicia Ejecutivo";""
"Name Cardozo José David";"Ley estatutaria de reforma a la salud";""
"Name Vásquez Iván Leonidas";"Estatuto de la Ciudadanía Juvenil";"agree"
"Name Vásquez Iván Leonidas";"Implementación del TLC con Estados Unidos, Ley Lleras 2.0";""
"Name Vásquez Iván Leonidas";"Justicia Penal Militar, Fuero Militar";""
"Name Vásquez Iván Leonidas";"Reforma a la Justicia Ejecutivo";""
"Name Vásquez Iván Leonidas";"Ley estatutaria de reforma a la salud";""
"Navas Talero Carlos Germán ";"Reforma a la Justicia Ejecutivo";"disagree"
"Navas Talero Carlos Germán ";"Justicia Penal Militar, Fuero Militar";"disagree"
"Navas Talero Carlos Germán ";"Ley estatutaria de reforma a la salud";"disagree"
"Osorio Salgado Nidia Marcela";"Reforma a la Justicia Ejecutivo";""
"Osorio Salgado Nidia Marcela";"Justicia Penal Militar, Fuero Militar";"agree"
"Osorio Salgado Nidia Marcela";"Ley estatutaria de reforma a la salud";"agree"
"Padauí Álvarez Hernando José";"Reforma a la Justicia Ejecutivo";"agree"
"Padauí Álvarez Hernando José";"Justicia Penal Militar, Fuero Militar";""
"Padauí Álvarez Hernando José";"Ley estatutaria de reforma a la salud";"agree"
"Paredes Aguirre Myriam Alicia";"Estatuto de la Ciudadanía Juvenil";""
"Paredes Aguirre Myriam Alicia";"Implementación del TLC con Estados Unidos, Ley Lleras 2.0";"agree"
"Paredes Aguirre Myriam Alicia";"Justicia Penal Militar, Fuero Militar";""
"Paredes Aguirre Myriam Alicia";"Reforma a la Justicia Ejecutivo";"agree"
"Paredes Aguirre Myriam Alicia";"Ley estatutaria de reforma a la salud";""
"Patiño Amariles Diego";"Reforma a la Justicia Ejecutivo";""
"Patiño Amariles Diego";"Justicia Penal Militar, Fuero Militar";"agree"
"Patiño Amariles Diego";"Ley estatutaria de reforma a la salud";"agree"
"Pedraza Ortega Telésforo";"Reforma a la Justicia Ejecutivo";""
"Pedraza Ortega Telésforo";"Justicia Penal Militar, Fuero Militar";""
"Pedraza Ortega Telésforo";"Ley estatutaria de reforma a la salud";""
"Penagos Giraldo Hernán";"Reforma a la Justicia Ejecutivo";""
"Penagos Giraldo Hernán";"Justicia Penal Militar, Fuero Militar";""
"Penagos Giraldo Hernán";"Ley estatutaria de reforma a la salud";""
"Pinto Hernández Miguel Ángel";"Reforma a la Justicia Ejecutivo";"agree"
"Pinto Hernández Miguel Ángel";"Justicia Penal Militar, Fuero Militar";"agree"
"Pinto Hernández Miguel Ángel";"Ley estatutaria de reforma a la salud";"agree"
"Pizo Mazabuel Crisanto";"Reforma a la Justicia Ejecutivo";"agree"
"Pizo Mazabuel Crisanto";"Justicia Penal Militar, Fuero Militar";"agree"
"Pizo Mazabuel Crisanto";"Ley estatutaria de reforma a la salud";"agree"
"Puentes Díaz Gustavo Hernán ";"Reforma a la Justicia Ejecutivo";"agree"
"Puentes Díaz Gustavo Hernán ";"Justicia Penal Militar, Fuero Militar";""
"Puentes Díaz Gustavo Hernán ";"Ley estatutaria de reforma a la salud";""
"Roa Sarmiento Humphrey";"Reforma a la Justicia Ejecutivo";""
"Roa Sarmiento Humphrey";"Justicia Penal Militar, Fuero Militar";""
"Roa Sarmiento Humphrey";"Ley estatutaria de reforma a la salud";"agree"
"Rodriguez Calvo Constantino";"Reforma a la Justicia Ejecutivo";"agree"
"Rodriguez Calvo Constantino";"Justicia Penal Militar, Fuero Militar";""
"Rodriguez Calvo Constantino";"Ley estatutaria de reforma a la salud";"agree"
"Rodríguez Contreras Jaime";"Reforma a la Justicia Ejecutivo";"agree"
"Rodríguez Contreras Jaime";"Justicia Penal Militar, Fuero Militar";"agree"
"Rodríguez Contreras Jaime";"Ley estatutaria de reforma a la salud";"agree"
"Rodríguez Pinzón  Ciro Antonio ";"Reforma a la Justicia Ejecutivo";""
"Rodríguez Pinzón  Ciro Antonio ";"Justicia Penal Militar, Fuero Militar";"agree"
"Rodríguez Pinzón  Ciro Antonio ";"Ley estatutaria de reforma a la salud";"agree"
"Rodríguez Rengifo Roosvelt";"Reforma a la Justicia Ejecutivo";"agree"
"Rodríguez Rengifo Roosvelt";"Justicia Penal Militar, Fuero Militar";"agree"
"Rodríguez Rengifo Roosvelt";"Ley estatutaria de reforma a la salud";"agree"
"Roldán Avendaño John Jairo";"Reforma a la Justicia Ejecutivo";""
"Roldán Avendaño John Jairo";"Justicia Penal Militar, Fuero Militar";"agree"
"Roldán Avendaño John Jairo";"Ley estatutaria de reforma a la salud";"agree"
"Rozo Rodríguez Jorge Enrique";"Reforma a la Justicia Ejecutivo";"agree"
"Rozo Rodríguez Jorge Enrique";"Justicia Penal Militar, Fuero Militar";"agree"
"Rozo Rodríguez Jorge Enrique";"Ley estatutaria de reforma a la salud";"agree"
"Salazar Uribe Juan Carlos";"Reforma a la Justicia Ejecutivo";"agree"
"Salazar Uribe Juan Carlos";"Justicia Penal Militar, Fuero Militar";""
"Salazar Uribe Juan Carlos";"Ley estatutaria de reforma a la salud";"agree"
"Sanabria Astudillo  Heriberto";"Reforma a la Justicia Ejecutivo";"agree"
"Sanabria Astudillo  Heriberto";"Justicia Penal Militar, Fuero Militar";""
"Sanabria Astudillo  Heriberto";"Ley estatutaria de reforma a la salud";"agree"
"Sánchez Montes de Oca Astrid";"Justicia Penal Militar, Fuero Militar";""
"Sánchez Montes de Oca Astrid";"Ley estatutaria de reforma a la salud";"agree"
"Sierra Leon Pablo Aristobulo";"Reforma a la Justicia Ejecutivo";"agree"
"Sierra Leon Pablo Aristobulo";"Justicia Penal Militar, Fuero Militar";"agree"
"Sierra Leon Pablo Aristobulo";"Ley estatutaria de reforma a la salud";""
"Suárez Mira Olga Lucía";"Estatuto de la Ciudadanía Juvenil";""
"Suárez Mira Olga Lucía";"Implementación del TLC con Estados Unidos, Ley Lleras 2.0";"agree"
"Suárez Mira Olga Lucía";"Justicia Penal Militar, Fuero Militar";"agree"
"Suárez Mira Olga Lucía";"Reforma a la Justicia Ejecutivo";"agree"
"Suárez Mira Olga Lucía";"Ley estatutaria de reforma a la salud";""
"Taborda Castro Libardo Antonio";"Reforma a la Justicia Ejecutivo";"agree"
"Taborda Castro Libardo Antonio";"Justicia Penal Militar, Fuero Militar";"agree"
"Taborda Castro Libardo Antonio";"Ley estatutaria de reforma a la salud";"agree"
"Torres Monsalvo Efraín Antonio";"Reforma a la Justicia Ejecutivo";"agree"
"Torres Monsalvo Efraín Antonio";"Justicia Penal Militar, Fuero Militar";""
"Torres Monsalvo Efraín Antonio";"Ley estatutaria de reforma a la salud";"agree"
"Varón Cotrino Germán";"Reforma a la Justicia Ejecutivo";"agree"
"Varón Cotrino Germán";"Justicia Penal Militar, Fuero Militar";"agree"
"Varón Cotrino Germán";"Ley estatutaria de reforma a la salud";"agree"
"Vega Quiroz  Doris Clemencia ";"Estatuto de la Ciudadanía Juvenil";""
"Vega Quiroz  Doris Clemencia ";"Implementación del TLC con Estados Unidos, Ley Lleras 2.0";""
"Vega Quiroz  Doris Clemencia ";"Justicia Penal Militar, Fuero Militar";""
"Vega Quiroz  Doris Clemencia ";"Reforma a la Justicia Ejecutivo";"agree"
"Vega Quiroz  Doris Clemencia ";"Ley estatutaria de reforma a la salud";""
"Velasco Cháves Luis Fernando";"Estatuto de la Ciudadanía Juvenil";"agree"
"Velasco Cháves Luis Fernando";"Implementación del TLC con Estados Unidos, Ley Lleras 2.0";"agree"
"Velasco Cháves Luis Fernando";"Justicia Penal Militar, Fuero Militar";""
"Velasco Cháves Luis Fernando";"Reforma a la Justicia Ejecutivo";"agree"
"Velasco Cháves Luis Fernando";"Ley estatutaria de reforma a la salud";"agree"
"Vergara Sierra Héctor Javier";"Reforma a la Justicia Ejecutivo";"agree"
"Vergara Sierra Héctor Javier";"Justicia Penal Militar, Fuero Militar";""
"Villalba Mosquera Rodrigo";"Estatuto de la Ciudadanía Juvenil";"agree"
"Villalba Mosquera Rodrigo";"Implementación del TLC con Estados Unidos, Ley Lleras 2.0";"agree"
"Villalba Mosquera Rodrigo";"Justicia Penal Militar, Fuero Militar";"agree"
"Villalba Mosquera Rodrigo";"Reforma a la Justicia Ejecutivo";"agree"
"Villalba Mosquera Rodrigo";"Ley estatutaria de reforma a la salud";"agree"
"Virgüez Piraquive Manuel Antonio";"Estatuto de la Ciudadanía Juvenil";""
"Virgüez Piraquive Manuel Antonio";"Implementación del TLC con Estados Unidos, Ley Lleras 2.0";""
"Virgüez Piraquive Manuel Antonio";"Justicia Penal Militar, Fuero Militar";""
"Virgüez Piraquive Manuel Antonio";"Reforma a la Justicia Ejecutivo";"disagree"
"Virgüez Piraquive Manuel Antonio";"Ley estatutaria de reforma a la salud";""
"Yepes Martínez Jaime Armando";"Reforma a la Justicia Ejecutivo";""
"Yepes Martínez Jaime Armando";"Justicia Penal Militar, Fuero Militar";""
"Yepes Martínez Jaime Armando";"Ley estatutaria de reforma a la salud";""
"Zabaraín D'arce Armando Antonio";"Reforma a la Justicia Ejecutivo";"agree"
"Zabaraín D'arce Armando Antonio";"Justicia Penal Militar, Fuero Militar";"agree"
"Zabaraín D'arce Armando Antonio";"Ley estatutaria de reforma a la salud";"agree"
"Zambrano Eraso Bérner León";"Reforma a la Justicia Ejecutivo";"agree"
"Zambrano Eraso Bérner León";"Justicia Penal Militar, Fuero Militar";"agree"
"Zambrano Eraso Bérner León";"Ley estatutaria de reforma a la salud";""
